用户名,回复内容,回复时间
与帕奎奥,武汉有两个全国排名前十的医院 协和与同济 除了武汉，同时拥有两所Top10医院的只有北京和上海。两家TOP10医院只相距一个路口，直线距离几百米，也是全国罕见。同济医学院的地位，很大程度来自裘法祖和他的高徒吴孟超，裘法祖在当代医学界是类似祖师爷的存在。人生经历也很传奇，3-40年代能迎娶德国白富美，拿捏纳粹，上海滩做手术只收金条，等等……各个时代都能混的风生水起。感兴趣可以自行百度。虽然相距几百米，但是属于两个区，同济属于硚口，协和属于江汉区。解放大道两侧遍布各种商场，武汉国际广场也是全国Top的存在，但是营业额和对面的协和医院相比就是个渣渣。已修改，多谢指出，不是江岸区是江汉区。,2023-08-11 17:42:15
老非,1，武汉妹子瞪我：莫跟我“醒倒媚”，是个啥意思？真心听不懂，我是继续聊呢，还是撤？硬着头皮又聊了两句，妹子说：你个老圪渍！这下彻底晕菜——听口气明显不像在夸我，但到底啥意思？武汉方言，我知道一个“不服周”。这个有历史典故，出自《左传》，算是很精彩的一句方言了。还知道“麻木”，就是三轮车吧？拐子，就是“哥哥”的意思吧？信了你的邪，是“信了你才怪”的意思吧？可是，你要是跟我满天飞武汉话，我就彻底听不懂了。武汉的老少爷们，你们看看下图的这些天书，都是啥意思？另外，武汉人都看得懂吗？还是只有老武汉才都明白？2，其实我是湖北人，但老家挨着河南，离武汉有点远。我来北京读大学，张口说话大家全猜我是河南人，包括来自河南漯河的同学。中国你是知道的，越靠近南方，隔一道山或一条河，方言或许就有所不同。所以武汉话我能听懂一些，但真正跑起了方言，我是真听不懂。初中毕业时，我才第一次去武汉玩了几天。所以武汉长江大桥，是我当时见到的最大的桥，我还兴奋地在上面走了个来回。那时候武汉的江面上，也只有这一道桥，一边是龟山，一边是蛇山。后来有了二桥，再后来……再去武汉我姐家，过江的时候，目测有一堆桥。我姐说，武汉还有好几条过江隧道，以及在建的桥与隧道。就感叹“基建狂魔”名不虚传，到处刷存在感、既视感、成就感。武汉长江大桥3，说到武汉长江大桥，大家都知道，它是毛泽东诗词中“一桥飞架南北，天堑变通途”的主角。岁数大一点的武汉人，还知道1966年7月16日，72岁的毛泽东在武汉畅游长江，历时1小时零5分钟。但去了武汉我才知道，在汉口江滩公园，还有一个横渡长江博物馆。博物馆内有照片及实物史料，再现了毛泽东多次横渡长江的历史，同时也展示了武汉人悠久的渡江习俗与文化。而在汉口的滨江公园，有一座防汛纪念碑，临江而立，总高37米，碑心石上刻有毛泽东的亲笔题词：“庆祝武汉人民战胜了一九五四年的洪水，还要准备战胜今后可能发生的同样严重的洪水。”武汉防汛纪念碑4，通读《三国演义》的人，如果到了河南、湖北，会撞见一堆了然于心的地名。大一点的地名，比如河南的许昌、洛阳，比如湖北的襄阳、荆州。小一点的地名，比如新野、当阳、隆中……而通读过金庸《射雕英雄传》的人，必然会知道襄阳。毕竟书中的郭靖郭大侠，在此镇守并殉国。而郭靖得以有学武的启蒙团队，也就是江南七怪，起源于七位师父跟长春子丘处机打了一个赌。郭靖是虚构的人物，但丘处机却是从历史中被框入了金庸的武侠小说。老非生活在北京，知道丘处机的墓，就在北京的白云观。而主持修建白云观的人，你怕是想不到。就是丘处机的弟子尹志平！对，就是《神雕侠侣》中啪啪了小龙女的那个尹志平。去了武汉我才知道，武汉有一座长春观，就是由长春子丘处机所创建。武汉长春观始建于元朝，供奉有丘处机，算是他留在人间的道场了。它也是武汉最古老的道观。武汉长春观5，你可能背诵过崔颢的《黄鹤楼》、周泗的《黄鹤楼》、以及李白的《黄鹤楼送孟浩然之广陵》……尤其周泗那句“吾蜀青莲曾搁笔，今朝黄口敢言诗”的自信，让人印象深刻。虽然黄鹤楼贵为“江南三大名楼”之一，始建于三国吴黄武二年（公元223年），但现在你看到的黄鹤楼，是1985年用钢筋混凝土重建的。虽然它以清代的“同治楼”为原型进行的设计重建，但作为一个建筑师，老非我登上一次之后，从此再无兴趣。我还是更喜欢山西的应县木塔。6，我在湖北老家高考，当年的分数是可以上武汉大学的。但我觉得武汉对我来说没有出省，没有挣脱父母的“可管辖范围”，就死活不愿意到武汉读大学。所以就到了北京。话说那时候我也不知道武大的樱花，会成为网红景观啊。再说了，读书归读书，樱花看看就好，又不能当饭吃。武大樱花我一直知道武汉高校多，但我一直都不知道它在这方面的准确排名——截至2021年，武汉有高校83所，其中本科高校46所，数量居全国第二，仅次于北京；在校研究生和大学生的数量，居全国城市第三。但有一个排名，作为湖北人我是知道的——武汉市淡水资源丰富，水域面积是全国大城市的第一名。要不我们湖北人为什么爱吃各种淡水鱼呢，有那个资源啊！也包括现在的小龙虾。而查阅资料后，我发现了一个更惊人的数据——武汉人均水资源占有量约为全国平均水平的40倍，约为全球人均水平的10倍。7，去了武汉我才知道，武汉人吃早饭，叫“过早”。武汉绝对是名副其实的“美食之城”。在我看来，武汉的莲藕排骨、酸辣藕带、腊肉菜薹，是最好吃的。且不接受反驳，除非你还要补上武汉鸭脖。反正我从武汉回北京，无论坐飞机还是高铁，行李箱里都会塞上几把洪山菜薹。武汉紫菜薹8，早年间去武汉，我会赞同那句话——“武汉是中国最大的农村”。在当时，这句话的贬意一目了然，那就是武汉当时的城市规划一般，市容市貌一般，城市热岛效应使武汉成为闻名全国的火炉子，且市民的时尚感、现代感不足等等。后来我才发现，其实这句话是褒贬俱存的。褒义的方面——武汉是一个从未丢失过市井味道的城市，武汉人始终带有自我感觉良好的市井气息，这让整座城市始终保有非常接地气的人间烟火气。这一点，与之最接近的城市，我认为是重庆。毕竟都是江城，都热，也都能吃辣。9，在历史上，武汉曾有过一个极好听的名字——“却月城”。武汉建制始于西汉；东汉末年，荆州牧刘表派黄祖为江夏太守，将郡治设于龟山的“却月城”中。“却月城”一度成为武汉的别称。只不过演变到今天，实在太久远，少有人知罢了。有哪些旅行目的地，特别适合职场人体验下「摆烂的生活」？,2023-03-04 22:15:42
伊塞克,一 武汉有世界上最大的购物中心:武商梦时代，里面有市内滑雪场，好恐怖的大，号称三天三夜逛不完。二 武汉可能是我去过想吃饱消费成本最低的城市，五块钱的热干面，两块钱的蛋酒就能撑到。五块钱的豆皮可以当中午饭吃完全不会饿，你反而要担心长肉。小笼包、煎包五块钱6个，用料很足质量很高，这特么在大城市都绝迹了。不过，对于吃饭自由的人群来说，这不是好事，武汉是碳水大城，以我这么多年健身的经验，稍微过量的碳水已经是变丑和长胖的元凶。而显然大部分武汉人不是稍微过量，他们早餐就吃够了我一天的碳水。三 东湖，在我的眼中是完全不输杭州西湖的存在，特别特别大，湖中道特别特别多，景美，人少，说实话我是觉得游玩体验是比西湖强很多的，但是我父亲不同意，他能看出来西湖岸边池杉、柳树、花草长得不同，我对这种细节一向没有感觉。四 长江，武汉的长江是我见过最好玩的，两岸超级大的沿江公园，秒杀一切海边木栈道，湖边公园。沿江道也非常有逛头，百年建筑随处可见。1.5就可以坐船渡江，满足你的新奇体验。五 汉正街，想买什么直接来这里，会逛的话直接买的比淘宝价还低。这边的购物中心太可怕了，买鞋，直接有两栋四层的商场专门卖鞋，你网上买不到的老爹鞋，皮鞋，这里面全得很（我在银河鞋城有看中的，嫌贵，想回去网上买，结果全网都搜不到类似款）。买衣服，那更可怕，一条街一直通到长江，两侧服装类商场没细数，大的小的商场二十几个是有的。布料、箱包、家纺、人家都是一栋几层的的建筑专门卖一种东西。六 江汉路、光谷广场、楚河天街，号称是最好逛的几个商圈。但是大商圈嘛，买好东西都不实惠。光谷广场卖的都是地摊货居多，卖的比较便宜。江汉路和楚河天街比要好一些，吃的玩的相对亲民，质量也可以。江汉路有非常大的知名品牌连锁店，比如唐狮，美特斯邦威，耐克阿迪，什么的，都是独占两三四层楼，东西很全，打折的旧款很多，淘淘宝很不错。七 美食街，唉又是大，怪不得号称大武汉，什么都大，我去了粮道街，一条超长的十字街，全部都是吃的，全部都在排队，一家铁板鱿鱼门口眼看着排着四五十号人，那阵势让我想起了这两年做的核酸（呸呸呸，不提了）。八 大学，武汉号称全世界在校大学生最多的城市，节假日，地铁站台都给你挤满，一水的小年轻。九 黄鹤楼，本身是没什么可逛的，但黄鹤楼下边有一条服装折扣街，可能是最适合年轻人买衣服的地方，这里不同于汉正街的地方在于这边都是品牌服装，汉正街多是那种杭州货，广东货，地摊货那种不适合年轻人的款式。说回黄鹤楼下面这条街，国产品牌折扣店非常多，折扣力度非常大，我去过三次，有一次赶上了始祖鸟、Prada、还有一些意大利高档货在那里清货，只有裤子，我的天49，59一条裤子，质感无敌，看起来是用正品面料和一些高仿的配件掺着做的国产外贸货，总之东西是200块一条我都会大量买那种。总之那附近基本都是五折以下的折扣，但款式肯定不全，买东西会买的话很划算。十 昙华林，特色小镇，上面说的粮道街附近，很好玩儿的特色小镇，建筑有种小清新的感觉，比较大，有对象的去那里走走坐坐拍拍照喝喝下午茶，应该是不二之选。十一 江汉路以北，叫大成路好像，这个区间范围内，特色建筑很多，拍照打卡地和美食街遍地都是，总之有对象的去这些地方应该都比较好玩儿。十二 古琴台，汉阳造，龟山，晴川阁，这些够我一天户外的量了，天气晴朗的的话，不去东湖就来这里，在这里还教你们一个知识，汉阳之所以叫汉阳，是因为它在龟山以南汉水以北，古者，山南水北是为阳，汉阳以此得名。此外汉阳造也是个拍照绝好的去处。十三 武大的樱花，盛名在外，我去了珞珈门，没让进，有点遗憾。不过市内随处可见樱花，在紫阳公园樱花刚开的时候我去看了一下，很漂亮。宝通寺、归元寺这种盛名在外寺庙我都路过了，但没进去，要门票，穷。（哈哈哈开个玩笑，不喜欢花钱逛庙，我又不信就是看个稀奇）。十四 武汉的二次元文化，我不懂哈，不过逛街遇到好多次，脸部妆容和发型有那种很精致的感觉，刚见到感觉很稀奇。这次基本说全了，我去过的都说了一遍。还有什么该去的地方，评论区帮我补充哈，我下次来武汉再去。根据评论补充一下:一 大智路和大成路搞混了，记忆这个东西还是不靠谱，感谢评论区提醒。二 我去了东湖两次，人是真不多，自行车可以撒丫子骑，但看评论区的说法，应该是没到旺季。三 武商梦时代，是很有个性的商场，里面有非常多潮趣酷玩的店铺，有那种看着很前沿的T台，感受到武汉的发展潜力，这种商场应该不会被冷落。四 关于吃碳水这件事，应该是历史遗留问题，便宜还能吃饱有力气，这是过去的追求。但是这种吃法不健康的，早晨想吃点维生素都没地儿去，慢慢的这种文化会被年轻人淘汰掉我觉得。五 黄鹤楼下面卖衣服的，下了黄鹤楼下面的天桥，穿过大量卖珠宝的店就是了。好东西得靠淘的，也不全是好的，得看运气。六 最后一条还是留给吃的，我去美食街从来都是图热闹，从来都不怎么吃东西，原因有二，一是排队二是卫生，这两点大部分美食街都没法提供好的服务。我认为武汉最好吃的是什么呢？其实是自选快餐，这种方式非常好，人是杂食性动物，一餐吃的菜种类越多，相对来说营养搭配多样化就越不容易偏食，武汉到处都是这种自选快餐，三十块差不多能吃到二十个菜（我是大胃王哈哈），可太幸福了。就是有一次送了我一瓶那个黄鹤楼啤酒，可太劣质了，这个大家避个坑，我喝完嗓子干了两天，哈哈，本来送的东西不该喷的，但真的很劣质啊坑人。分割线～～～～～～真没想到我这一篇穷游的文章成了我自己热度最高的回答，看来我的确是男人里面最能逛街的（我常常如此自诩）。武汉给我的总体印象，一曰大，以前去重庆感觉好大，等到了武汉我天巨大（哈哈，刚查了一下武汉没有重庆大）。二曰江湖市井气，这是一个从过早开始就热热闹闹的城市，门口一排塑料凳就是一个个单人桌。晚上随便去各大夜市去转转，你会感觉这特么像是在开灯会，我本来以为自己是不喜欢太过热闹的，但真的身临其境的话，你会觉得这就是人间烟火气啊，再看看杭州上海这种摩登一些的城市，顿觉其索然无味。三曰宝藏多，一个大东湖，自然风光旖旎就够我玩儿上一年的。一个武商梦时代，把潮趣酷玩一网打尽。一条汉正街，买啥要啥有啥。黄鹤楼晴川阁隔江相望，说不尽的诗情画意。江北，民国建筑交相辉映，融合在老武汉的市井之间，不突兀又显得新奇。既然提到重庆了，那顺便也说一下这个和武汉体量相当，某些方面犹有过之的城市，提到重庆首当其冲就是美食，我承认我刚去重庆那会儿，每天就是在火锅店和厕所里度过的，吃的最地道的是江北一家城门洞子老火锅，那会儿刚毕业，初生牛犊不怕虎，就要尝尝九宫格最辣的，店主一听我的外地口音就要劝我，可是我听劝嘛，不听呀。大冬天，咕嘟咕嘟的火锅，我还记得当时是15年，店主说满100元免锅底，于是我自己就点了100块钱的菜，十几二十盘菜，那是如今想都不敢想的实惠，我记得最好吃的卤毛肚好像是6块钱一份，我足足吃了三大份，说回正题，两口菜下肚，辣反上来，嘴里就开始冒火，舌头失去知觉，再两口下去，好家伙，汗毛竖起，胳膊发麻，我至今搞不清楚吃辣为什么会胳膊发麻，是大脑提醒我不要作死嘛？总之当时就那么真实的发生了。我被迫开始认怂，捞起来放香油碟里去热，然后再放米饭里打滚吸走汤水再往嘴里放，就这，我坚持吃光了大半，吃的眼睛通红，也从此爱上了重庆火锅，是重庆的，四川火锅不行的。然后，我第二天早晨上厕所的时候，我自以为感受到了肛裂患者的痛苦，按下不提了。后来，吃到了耙牛肉，吃到了老麻抄手，吃到了鸡汤铺盖面，吃到了豌杂面，还有最不起眼的素面也是难得的美味。重庆的美食，鲜、麻、辣三样总有一样给你做到极致，真特么刺激，我的肠胃也是从这个时候开始变差的，还是不能过分追求刺激。说真的，除了吃的，重庆别的方面还真的没有给到我惊艳的感受，重庆及周边地区，总得来说，人员构成还是富裕程度不高的，当然还有一点不得不提，就是重庆妹子绝对直率，太莽了，吃饭的时候直接过来和你搭话，地铁上面直接问你耍不耍朋友，我天，我这种中人之姿都有这样的待遇，也不知道真帅哥入渝还走不走的出来。那既然提到重庆了，那就再说说四川？整个四川，我去过的城市不多，都是在成都，资阳，自贡，内江，南充这一带，我最喜欢南充阆中，牛杂羊杂这辈子我感觉吃不够，阆中人好像是川人里面的另类，并不怎么吃辣，牛羊杂搞熟之后，清油汤打底，加不加面你随意，那种好吃那种纯粹是最为自然和原始的，说真的，西宁这种的真以吃牛羊肉为主大城我也去过，我觉得比不上阆中，提西宁就提一嘴炕锅牛肉，不错的，手把羊肉没什么吃的。阆中古城也很有逛头，进古城要路过一个门洞，穿过一江水，有点世外桃源的意思。不少川人美术生在那里写生，本身也构成一道风景。另外虽然盛名在外，但阆中张飞牛肉没什么吃的，保宁醋也就那样不就是陈醋嘛，吃东西还是要吃新鲜的。此外，内江牛肉面不得不提，必须吃蔡氏的，把海椒给你炸的又脆又带着糊味，一碗下去，浓香四溢，我之所以提重庆的时候没有提牛肉面，就是因为内江牛肉面压着它一头，内江的面很独特同样是碱面，但味道绝对不同，配合一流汤底，自成一派，说是这个面是张大千首创的。成都在我看来没那么多美食，有几样有数的，麻婆豆腐当居榜首，相信我，不去成都，你们当地的麻婆豆腐麻辣豆腐做的再好吃，那也绝对没有成都苍蝇馆子的十分之一，这个不是盛誉，这豆腐真比肉好吃不带夸张的。除此之外，再让我选。就只有豆汤饭，我对这种肠胃友好，营养均衡又鲜香美味的汤饭很是情有独钟。再让我选，没了。火锅被重庆秒成渣渣，龙抄手遇上老麻抄手，担担面遇上重庆小面，都没什么可比的。提到川菜，风头都被盐帮菜抢了去，再加上成都外来户严重的多，餐饮水平参差不齐。我是真心不建议去成都找美食，味同嚼蜡的感受我在成都体会过不止一次，吃坏了上吐下泻的时候也有。刚才提到盐帮菜，川蜀地区，看到人流多的，招牌写着盐帮菜的馆子，务必去尝尝鲜，每道菜的水准即便不能让你经验，也在水准之上，很有特色。我常吃的酒味鱼香肉丝，干锅牛肉茶树菇，血皮菜炒猪肝，这种东西你在别处是吃不到的。川蜀地区还有吃黄鳝的，吃兔子的，吃鱼腥草的，这些我是真难以下咽，那次在资中吃的兔子面，一口下去直接吐了，要知道这是资中首屈一指的小吃。还有最最邪恶的头刀菜，我吃过了朋友才告诉我是什么东西做的，还好不难吃没有心理阴影。,2023-03-10 17:54:15
望安,武汉最温柔的地方往往藏匿的比较深来了之后永远处在要走或要留的矛盾之中，可是在外地回来的时候，又总是满满的安全感鹦鹉洲大桥桥头很适合思考人生武汉樱花很多，石楠花也很多，盛放的时候不一样，给人的感觉也……不一样武汉的桥很多，但是最耐看的最能让人产生情结的还是武汉长江大桥武汉东湖很大，景色不逊于西湖，这个在知乎被讨论过，个人觉得值得一去武汉轨道交通很发达，武汉的地铁都很漂亮，最新的八号线很多站点都很美很容易把人正常交流当成是吵架，其实没有高英老师说，在武汉你千万不要说:你给劳资等道武汉秋天只有两周汉阳树藏的有点深，是能找到秋天的地方武汉的轮渡很便宜知音号很值得一去秋天建议找个有阳光的日子，去汉口那一块，去黎黄陂路，各种小巷子，江边芦苇滩在武汉旅游好像不怎么需要花钱，收费的不多，除了黄鹤楼，即便收费也不会很贵，比如古德寺，龟山等，不超过十块吧武汉公交换乘是免费的武汉的姑娘伢儿都蛮漂亮，性格也很好,2018-09-24 21:57:35
匿名用户,"1,过早是吃早饭，幞（fú）子是毛巾 2,最出名的黄鹤楼户部巷反而不怎么好玩儿。3，美食都藏在大学后街里。4,公交车上最常听到的是请控制车速。5，一个小时以内的路程都算是附近。6,学校的饭是最便宜的。7，有些地方电影票比我们那个小县城电影票还便宜（我们那个县级市最便宜一张三十八左右，在武汉享受到13.8一场的电影 ）？？？附送我们学校的美食一张~",2018-09-26 14:59:41
左手舞剑,1、一个省供一个城市，因此武汉也被调侃为捂着吸。2、武汉有三镇，分武昌 汉阳 汉口。3、武汉各种各样的人才都很多竞争压力大，武汉的钱不好挣。4、武汉没有一个绝对的中心，准确地来说武汉是个多中心的城市，每个地区都有各自的中心。5、武汉把吃早餐叫做过早。6、“楚河汉界“不仅仅在棋盘上！还有在步行街上！！7、武汉人特别喜欢吃面。8、东湖绿道100公里，三天都走不完。9、东湖和东西湖是异地恋。10、武汉有82所高校，所以年轻人非常多。11、黄鹤楼是武汉的名片，不过现在的黄鹤楼挪过位置了，是新建的。12、汉阳火车站，公交地铁都到，就是火车不到。13、武汉有11座长江大桥。14、武汉长江大桥可以走过去 ，耗时大约40分钟左右。15、有传闻徒步武汉长江大桥的情侣会分手。16、乘坐长江轮渡只要一块三毛。17、武汉美食特别多，各种小吃，早餐根本不用担心吃什么。18、武汉热干面对于外地人真的吃不惯。19、武汉的工资并不高，过万的很少，同时武汉的房价很高。20、武汉旅游景点并不多，知名景点较少。21、武汉人喜欢吃热干面，主打一个“干”，一点汤都没有，外地人根本咽不下，必须加点开水才能吃下去，河南的改良版热干面就丝滑得多。22、武汉的小龙虾很有名气，吃起来却不敢恭维，还不如江苏的虾尾方便实惠。23、武汉很大，出行首选不是公交，也不是自驾车，而是地铁和共享单车，两者结合，出行无忧。24、武汉的地铁，公交、出租车，商场的空调开的永远都是很足。25、武汉人在街上很少有人穿皮鞋的，基本都是运动鞋，以国产一线品牌为主。26、武汉女孩颜值高，一个个的明眸皓齿，小巧玲珑，但身材不太高，基本在1.6以下。27、武汉人特别喜欢买房，三口之家的家庭平均拥有两套房，并且房价涨跌都不卖。28、武汉虽然有长江流过，但夏天很热，以火炉城市闻名，尤其一个“汉”字，让人觉得夏天指定是“汗”流浃背。29、武汉人都认为武汉是国内最宜居城市。,2023-08-20 16:59:41
爆爆大魔王,1、武汉人基本不去黄鹤楼、古德寺玩。2、武汉的炸酱面感觉是武汉热干面的加强版，跟北方热干面完全不是一个概念。3、武汉真的好大。武汉的三环相当于北京的五环。4、武汉的江汉路步行街真的不是武汉人的购物天堂，里面全是山寨品牌。5、武汉横跨长江两岸的桥一共有11座，军山大桥、沌口长江大桥、白沙洲大桥、杨泗港长江大桥、鹦鹉洲长江大桥、武汉长江大桥、武汉长江二桥、二七长江大桥、天兴洲长江大桥、青山大桥、阳逻大桥。6、汉口的伢儿和武昌的伢儿谈恋爱叫异地恋。7、来了武汉，请你下馆子的不一定是真朋友，但请你过早的一定是真朋友。8、武汉有很多的大学，985/211就有7所，大学生更是多，差不多120万。9、武汉的小吃很多：热干面、牛肉粉、豆皮、面窝、烧煤、汤包、烧烤、周黑鸭。10、东湖真的很大，能逛上一天。11、户部巷不好吃还贵，属于每个城市专有的专门坑外地人的街道。12、武汉就像是长江分开的南京和上海，都有梧桐树，一个有宋庆龄故居，一个有美龄宫，然后也是夜夜笙歌啤酒龙虾。13、其实黄鹤楼还是值得看看的，就是不要抱有太大期待的时候，感受就还不错，夜景也可以。不过要做好功课，主要是看人文。14、三四月份是武汉最美最舒适的时候，全城随处有樱花桃花梅花，郊区还有油菜花，也有梨花白玉兰等其它花，随便一条马路一座公园都会给你一个惊喜。15、武汉是全国大学生最饱和的地方，所以在武汉工作并不好找，工资也不是很高。16、长江大桥比想象中的长太多，要走好长时间。当你在车上看到步行在长江大桥上的游客时，他们并没有你想象中的那么轻松。17、武汉真正的美食之区在青山区，青山是个老城区，很多店都是开了几十年的老店，味道特别棒，还便宜。18、去了武汉，感觉没有市中心，感觉哪里都是一样的。每个区差不多都是各玩各的。19、武汉虽然大，但是不集中，玩个地方要开好久的车才到，很浪费时间。20、不晕车的人在武汉坐出租车都会把你弄吐。21、大部分武汉人只对自己生活的片区比较熟一点，稍远一点或者跨区都要地图导航。22、没结婚的情侣，千万别去归元寺。23、武汉人一日三餐都可以吃热干面。24、汉口学院不在汉口而是在江夏，东湖学院不在东湖在江夏。25、如果用一个词来形容武汉，那就是“江湖”。,2023-02-04 22:08:40
高山昙,大武汉大武汉只有去了武汉才知道这个大字绝对不是白叫的,2023-08-20 07:37:56
啊啊啊啊啊嚏,七年前到武汉来上学。到了这里才知道原来5个小时的火车时长，改成动车以后可以两小时不到。原来一个大学可以这么大（理工学生一枚，我们学校有5个校区，另一个隔着老远，也没机会去上课）。原来路可以这么远这么堵（我从武汉站坐高铁到了广州，送我的同学坐公汽还没到学校，那个时候还没地铁到学校附近）。原来一个城市的桥可以这么多（一桥二桥鹦鹉洲大桥等等）。原来大学男女比例这么悬殊（女生全是宝贝）。原来一个老师的负面作为可以让一个优秀的学生丢掉原本充满活力的生命（好吧，有丢丢伤感了）。很多东西以前我并不知道，但这七年来我已经习以为常了，已经可以一脸平淡的面对别人所发现的惊讶。我会继续留在武汉，看它继续发生变化，,2018-09-26 14:27:14
土生奥特曼,武汉人特有的城乡鄙视链。武汉人爱讲规矩，整出很多奇怪的鄙视链。所以在武汉的正宗性上，是毫不含糊的。当然，如果理解武汉人的话，这看似森严的鄙视链并没有谁拿它真当回事，只不过是酒桌上扯淡的谈资。鄙视链如下：顶端：汉口人。汉口开埠最早，见得世面也最大，早年汉口江滩是与大上海十里洋场齐名的花花世界。自然就瞧不起湖北省会武昌，更不用说普通城市汉阳了。汉口人又有自己的鄙视链。汉口鄙视链的三层，老租界为粉色，汉正街为砖红，城外为黄。最洋气的汉口人就是老铁路（今天的京汉大道）到长江边的老租界区，这是的老居民是城里人中的城里人，白相人中的战斗机。这个区域包括江汉路步行街，武汉关大钟楼，武汉市政府，民众乐园等等，一说大家都知道了。老租界内的民众乐园，是解放前与上海大世界天津劝业场齐名的三大乐园。汉口鄙视链第二层，是今天的硚口区，也就是大名鼎鼎的汉正街。硚口区基本就是汉正街，汉正街也就是硚口区。这里是租界外做生意的地方，码头林立，富商云集，虽然洋气沾得不多，但是架不住有钱，所以这里的居民就是汉口的色目人，有鄙视除租界以外所有武汉人的资本。鄙视链第三层是京汉大道以北到后湖之间的武汉城区，有点类似北京的南城，全是小买卖庄稼汉的天下，虽然是在汉口鄙视链的最底端，但是离天堂太远，离繁华很近，这个区域又有当年亚洲最大的马场，也是见过世面的人，所以有鄙视汉口以外武汉居民的资本。汉口马场鄙视链第二级是武昌。武昌是非常繁华的所在，辛亥革命的暴发地。虽然没有汉口洋气，怎么说也是几百年的大城了，论历史，作为府城的时候汉口还是村。武昌也是有鄙视链的。老武昌城是武昌鄙视链的顶端。也就是现在紫阳路司门口这一大块一直到阅马场。包括武昌老城的范围，是湖北省曾经的首善之民。这个区域包括了清代湖北的最高权力机关，和民国一段时间全国的最高权力机关。城里的居民没见过洋人，但世态炎凉也见得不少。武昌鄙视链的第一层与第二层第二层如图，属于武昌城外郭的范围。以前主要是底层群众的居所，包括解放后大片的河南棚子，不过这个怎么说也是大东门以内的城里人，出了大东门才算出城。鄙视链第三层是二环线内的武昌，包括武昌区、洪山区、东湖高新和青山区的大部。以前这里是菜地荒坟，建国后才慢慢开发，省委省政府主要机关和大学都散落在这个区域，还有整个武钢。本来放在太低的位置似乎不好。不过，这些干部知识分子产业工人基本上都来自乡下，南腔北调的，所以在鄙视链里，给他们这个层级已经不错了。值得一提的是，武钢所在的青山区，在效益好的时候，曾经是在武昌鄙视链的顶端，经常称水果湖为乡下。如今显然不是这样了。鄙视链的第三级是汉阳。汉阳人俗称贱三爷，但并无鄙视之意，只是来自历史传说。本来汉阳放在民国，并不输大多省会，但是无奈夹在一和直辖市和一个省会之中，在鄙视链中的地位不高。第四级是除了以上区域外的其他武汉居民。他们有个共同的统称——乡里人。当然，这真的是武汉人一本正经胡说八道鼓捣出来的东西，不可能有任何一个武汉人真拿它当事，谁认真谁输。真实情况是，老居民不断外迁，在汉口的老居民已经很少了。车站路一带，一水的孝感乃至恩施口音。巷子里的武汉人，也只有在我们夸白的时候，才能有那么一点点的记忆。,2019-01-19 22:32:46
匿名用户,这条回答说的都是不好的点，不代表武汉没有好的点。1、武汉站看起来很大，但候车大厅A、B居然是分开的，中间巨大的镂空设计严重浪费空间，挤死了。（最近新闻：漏水，这么大个站居然出这事也是丢人）2、从武昌站出来有点进县城的感觉，指示不清，而且灯光昏暗，环境脏乱，还有各种拉客的。3、江滩灯光秀设计太土，大红大紫元素过多，而且不应该给居民楼强上LED，江边绿化建设不够完善。几栋300+全是乌漆麻黑的未完工建筑，大彩灯背后一片凄凉，还不如东湖沿岸和南湖沿岸的万家灯火。4、冬天下雨真的好冷，刺骨的寒风顶不住5、洪山区的高校一座连一座，但是配套却很拉垮，很学学校连地铁都没有，难怪留不住大学生。6、最常见外地美食：韩国烤肉，武汉真的遍地的烤肉店。7、高端购物中心、商业街太少：已知的有武广、汉街，还有个新开的恒隆8、路上的车都很野，尤其是的士和公交，公交进站急刹是基操9、到现在还有烧柴油的公交，只要一停车就轰隆隆的响而且震得很。10、光谷每时每刻都在堵11、到冬天空气质量指数可能会飙到300+（军运会后大大改善），烧喉咙12、过江隧道又窄又堵13、人行道绿灯闪烁逻辑不合理，在其他地方看到的是当绿灯剩余时间不够通过马路时就闪烁，武汉是闪3秒变红（你是指望我能在3秒内从路中间飞到对面吗）。14、都2021年了武汉地铁居然还不支持交通联合卡和微信乘车码（更新：5月30日起支持支付宝微信乘车码了，但交通联合仍缺席）15、地铁口不能直达购物中心（无需走地上）16、武汉的高校宿舍居然还会断电断网限功率17、一点小雨就能像发大水一样，到处是积水，排水系统一言难尽。18、素质低,2021-04-13 19:53:52
郁练级,1、武汉热干面是一种很神奇的食物，你要说它有多好吃吧，其实我感觉挺一般的。但是我离开武汉之后总是会想起热干面的味道，真是奇了怪了，我只吃过一次就有这种情况出现。2、地名很复杂，自己开车经常会被绕晕，比如说中山大道在汉口区，中山路却在武昌区，解放大道在汉口区，解放路却在武昌区。差了一个字，你很有可能要多走几十里路。3、武汉的排骨藕汤可以去尝一尝，都是用猪后腿的筒子骨熬制出来的，味道非常棒。4、湖北省博物馆就在武汉，不用门票，只需要提前预约一下就可以参观了。如果去了博物馆，那么隔壁的美术馆也可以去欣赏一下，同样是免费的。5、武汉最出名的黄鹤楼和户部巷反而不怎么好玩，游客数量太多了，风景也很常见，挺普通的。6、武汉公交车，在九十分钟内可以免费换乘一次。7、当地人嗓门都好大，特别是中老年人，正常聊天就跟吵架一样。8、武汉150米以上的高楼数量排在世界第五，市区内摩天大楼随处可见。但也有很多城中村，反差蛮大的。9、武汉的大学很多，导致了年轻人的比例特别高。华中农业大学里面还有农家乐，春天的时候可以去里面赏花、钓鱼、吃农家饭。10、边走路边吃面是每个武汉人必备的技能。11、锦里沟值得一去，里面除了有苗寨之外，还有满山的樱花、桃花、杜鹃花等，风景非常漂亮。另外还有亚洲第二的山道滑车，特别刺激。12、秋天去武汉旅游可以去汉口江边看芦苇滩，是很多当地人拍婚纱照的地方，风景自然是非常好的，每天日落的时候有很多人在那里散步。13、武汉物价不算高，衣食住行都不算贵，但是这里的工资水平也很低，我认识几个在武汉打工的朋友，本科毕业才三四千块的工资，还不如一些县城。14、武汉东湖很大，当地人一直说东湖风景不输西湖，其实有点夸大了，我这两个地方都去过，东湖风景挺好，但和西湖比还是有些差距的。15、我感觉武汉这座城市一直在发展建设，每次去都能看到很多工地，到处都在施工。16、猫咪叫做猫子，小狗叫做狗子，虾叫做虾子，甚至连烧烤冒出来的烟都有人叫做烟子，第一次听到的时候觉得很好笑，后来听得多了也就习惯了。17、武汉最常见的外地美食就是烤肉，走在街上一眼望去就能看见好几家烤肉店。18、城市的排水系统挺差的，每次下一场小雨，到处都会出现积水。19、武汉有一辆520路公交车，起点是妇幼保健院，途径学校、民政局、养老院，终点是火葬场，总感觉这条路线和人的一生差不多。20、喜欢夜游的朋友可以去欣赏一下长江夜景，去码头花几十块钱坐个轮渡，长江两岸的写字楼都有灯光秀，很适合拍照发朋友圈。21、节假日的武汉特别堵车，坐地铁真的比打车更方便很多。22、如果是情侣一起去武汉旅游，可以去光谷意大利风情街逛一逛，尤其是晚上，那里的灯光很漂亮，教堂前面有一个丘比特许愿池，好多人喜欢在那里表白、求婚、拍婚纱照，恋爱氛围很浓郁。23、每次在武汉坐公交车听到最多的语音播报就是：您已超速，请注意控制车速。我个人感觉武汉公交车司机的怒路症比例很高。24、武汉城市面积真的很大，再加上经常堵车，有时候一对情侣都在武汉，谈的却是异地恋。25、满城的石楠花，漂亮确实是很漂亮，只不过石楠花的味道很奇怪，一定会让你有一个难忘的回忆。26、在武汉“过早”是吃早餐的意思，“包夜”是熬夜通宵的意思。27、武汉的天气变幻莫测，经常会下太阳雨，夏天的时候突然晴转雨，你就能看到路边一排树在冒烟。28、武汉也有一片大草原，名字还很好听，叫做木兰草原，草原上还种着一大片格桑花，我上次去正好是春天，欣赏到了此等美景。,2023-03-12 15:16:16
上流,"盼望着盼望着，东风来了，春天的脚步近了。樱花开了，梧桐絮飘了，石楠花香了。“武汉三劫”正手牵着手走来，摩拳擦掌。要说“武汉三劫”中杀伤力最大、最让人闻风丧胆的绝对要数石楠。如果有朋友这时候喊你去武汉，那这朋友就别联系了。你以为要美滋滋赏樱，但真相是遍满武汉全城的石楠马上要开了，保准让你有一个难忘的人间四月天。 ​part.1   石楠本是正经花，奈何味道太浮夸▲石楠花苞，定时炸弹 ​先来科普一波。石楠是啥？石楠，常绿小乔木或多枝丛生灌木。树枝如伞，树冠似球，花若白雪。▲石楠远看真的挺美 北方朋友常常不懂：你们南方人太矫情，这个树吧，虽然不算美貌，但胜在开起花来，白花绿叶，清清爽爽，多好看！南方人：你快闭嘴吧！跪求石楠大大千万别开花！ 一旦石楠开出满树白花，整座城市就被纳入了石楠花的势力范围，因为独特而又销魂的味道会刷满存在感，让你无处可逃。一到四月，走在武汉的大街上，每一口呼吸都是青春的气息，每一次喘息都是荷尔蒙的味道，耳边总能回荡起赵忠祥老师的声音：春天来了，又来到了动物们交配的季节。为什么？还不是因为石楠花！不知何时起，不知哪一位高人，忽然发现石楠花闻起来酷似精液的味道，对，就是人类男性精液。 也因此，石楠花得了“花界污妖王”的称号。好了好了，姑且不说石楠是不是像某种不可描述的味道，它到底是个啥味儿呢？！▲来源：知乎 ​据上流君线人亲身体验，大概是“味道又腥又冲，就是闻起来黏糊糊的，有些恶心，就像一个晕车得厉害的人闻到汽车尾气那种感觉。”那么问题来了，石楠花到底为什么会有“污污污”的味道？其实这事儿吧，石楠也很委屈。研究者对石楠花的挥发成分做了顶空固相微萃取气相色谱–质谱联用（HS-SPME-GC-MS）分析，分析结果显示，石楠花挥发物质中含有33种主要化合物，这些化合物的总体积含量占到了总挥发油的93.8%。然而，这33种化合物中只有2-(4-甲氧苯基)-乙胺和3-甲基-N-(2-苯乙基)-1-丁胺这两种胺类物质。而人类男性精液的气味主要来自精胺和亚精胺，石楠花挥发物质中并不包含这两种胺类物质。这些化学名词是不是让人直发蒙？嘚吧嘚到底说了啥？总之就是一句话，严格来说，石楠花究竟闻起来像不像那啥，研究尚无定论。而另一份研究推测石楠花的气味可能并非精液味道，而是某种鱼腥味。石楠属于蔷薇科苹果亚科石楠属，同一亚科的山楂属、栒子属和花楸属的花也都有腥气，是由其挥发成分中的三甲胺引起的。因此，石楠花的气味很可能也是由三甲胺引起的。而三甲胺在常温下有鱼腥味。 ​part.2   满城尽是石楠香，武汉人民嘤嘤嘤石楠制霸全武汉。（在此心疼武汉人民一秒钟）作为优秀的绿化树种，石楠承包了武汉大街小巷的绿化，大量分布在公园、马路两旁、分车带……总之，武汉三镇，七大城区，全部被石楠“染指”，无一幸免。早起想开个窗户换换气，一想到窗外的石楠：不了不了开车想把车窗摇下来通通风，一想到满街的石楠：怕了怕了傍晚想去遛弯消消食，一想到公园里的石楠：溜了溜了武汉春天的石楠杀伤力不亚于北京冬天的雾霾，一层口罩怕是挡不住了，如有必要多备着几个口罩，保命要紧。武汉各大高校也难逃此劫。（提醒各位学子，填报志愿请谨慎做好校园背调。）在学校种石楠这件事上，真的没有最惨，只有更惨。网友A：华科的石楠是我一辈子的阴影，从此这个味道成为我伤口上的盐。网友B：谁想来武大看石楠？疯了吧！网友C：麻烦把石楠花踢出校花行列，谢谢。中南财经政法大学的学生秉持着“牺牲小我，成全大家”的精神，亲身实地考察校园石楠林，制作了一份《财大石楠花污染地图》，根据石楠种植密度和气味浓淡标注了颜色，以保证本校学生安全出行，顺利毕业。▲《财大石楠花污染地图》 对制作这幅图的同学真是要说声“瑞思拜”，真正的勇士，敢于直面石楠360°全方位无死角气味轰炸。你以为这就完了？不！一同学立下flag“国足能出线，直播石楠花泡茶喝”。真是不知道啥味儿。▲来源：微博不过武汉学生可能会在看到上海同仁时，稍有宽慰：最近同济大学嘉定校区推出了石楠花肉包，花都是从交大闵行现采的。part.3   说我“花界污妖王”，石楠也很委屈啊说个冷知识，你绝对不知道石楠花的花语。“孤独寂寞、威严、庄重、索然无味。”是的，你没有看错，港真，就算从石楠花开猜到石楠花败，上流君都想不到石楠花的花语会跟索然无味挂上钩。起花语的人怕不是个高级黑吧。其实在古代，石楠可没有那么多的花边新闻，相反，人们对石楠甚是喜爱。还记得《琅琊榜》里苏哥哥父亲行走江湖的化名？正是梅石楠。田汝成《西湖游览志馀》记载，立秋时节，石楠叶变红，甚是艳丽。这时，男男女女会将火红的石楠叶摘下，戴在冠上，亦或是将石楠叶裁刻成花瓣形状，插在鬓边，以应时序。  石楠花也被写进诗里，王建专门写下《看石楠花》：留得行人忘却归，雨中须是石楠枝。说是石楠美丽，引人流连忘返。 ​回到现代，既然开起花来让人闻风丧胆，为什么石楠还被大量种植呢？那是因为，石楠的优点多到你压根想不到：除开一年两个月的花期，大多数时候石楠绝对是优秀的“绿化小能手”。单价低；存活率高，正常情况下95%以上不是问题；易修剪，适应性极强，不挑土壤。 更重要的是，石楠一年四季还能呈现不同的样貌：早春的幼叶呈紫红色，夏季绿色，老叶在秋冬则偏深红，上红下绿。这性价比，仿佛是买了一件物美价廉且有N种穿法的衣服。贫民窟女孩着实心动了。而且石楠花的味道让人闻过一次忘不了，绝对是驱蚊好手吧！ ​没准儿明天清晨去遛弯，你就会发现楼下绿绿的石楠叶上躺着星星点点的几朵小白花。放心，这只是开始，难过的日子还在后头呢。 ​武汉市关爱生命协会提醒您，道路千万条，避花第一条。口罩不准备，花期两行泪。今日一问：你闻过石楠花吗？你觉得像啥味道啊？再次提醒：今日三条有福利哦！ ​[1]张静,沈伟林,顾阿毛,胡振域. 石楠特征特性及繁殖栽培技术[J]. 现代农业科技,2014(15):189+195.[2]吴丽君. 红叶石楠推广应用现状及前景分析[J]. 福建林业科技,2009,36(02):145-148+161.[3]王真真,王卫娜,徐国超,李留振. 红叶石楠研究现状及发展前景[J]. 黑龙江农业科学,2011(06):150-153.[4]石楠叶《中药学7版》[EB/OL].中国医药网.[5]石楠花闻起来有精液的味道，为什么很多学校种石楠花？[EB/OL].知乎问答.[6]石楠花开，为谁曾做相思树[N].北京青年报.2016-05-13[7]武汉满街都是生命之树！来自春天的恶意最污树你见过吗？[EB/OL].东湖社区.[8] 为什么石楠花闻起来像精液的味道？[EB/OL].果壳.",2019-03-25 15:21:00
五味子,1、武昌不止一个武昌区，汉口完全没有汉口区，汉阳就真的是汉阳区。2、武汉的高楼非常多，据说武汉150米以上的高楼数量世界第五。3、武汉乃至湖北一个很独特的词曰：玩水。4、闻名于全国的户部巷、黄鹤楼，本地人并不怎么去。5、在武汉，&#34;过早&#34;是早餐的意思，而&#34;包夜&#34;是通宵的意思。6、武汉真的很大，大到同在武汉却能谈出异地恋的感觉。7、武汉的公交车开的真快，每天都在上演“速度与激情”。8、外地的朋友第一次吃热干面，请找个武汉本地朋友教你怎么拌面or直接帮你拌面，热干面10分，3分在面，4分在酱，剩下3分看拌面的人。9、在武汉的早上，你随处可见来往的行人手拿一碗热干面风风火火边吃边走。10、武汉美食合集：热干面、糯米鸡、四季美汤包、三鲜豆皮、油饼包烧麦、糊汤粉、酥饺、精武鸭脖、鸡冠饺、面窝、小龙虾、藕煨排骨汤。11、想吃地道的武汉美食，与其去人多的户部巷等美食街，不如去武汉的各大高校的堕落街。12、武汉人嗓门大、脾气爆，爱打麻将、爱凑热闹，爱把“劳资”挂嘴上，好吃但又热心快肠。13、武汉人爱吃辣，青椒在武汉不算辣椒只是配菜。14、武汉没有绝对意义上的市中心，都是一片片的，这一片一个中心，那一片一个，四处都有繁华的地方。15、华中农业大学里面竟然还有农家乐！16、“国标滋养的 ”既可能用来骂人也可能用来夸人。17、每年雨季，武汉都要出现内涝。18、武汉不仅有山有水，还有一片大草原-木兰草原。19、武汉高校云集，相爱相杀，要说谁是武汉第一高校，华科武大总有一个不服。20、武汉有“三劫”：樱花开了，梧桐絮飘了，石楠花香了。尤其是石楠花，那独特而又销魂的味道让人难忘。21、武大的樱花开在每年的三月中旬，但疫情之后要预约才能看，一票难求。22、武汉的桥很多，但是最耐看的也最能让人产生情结的还是武汉长江大桥。23、武汉的轨道交通很发达，武汉的地铁都设计得很漂亮。24、武汉公交一个半小时内换乘免费。25、鹦鹉洲大桥桥头很适合散散步，思考人生。26、武汉这些年城市建设好快，真的是“每天都不一样”。27、武汉人的夜生活很丰富，在别的城市夜生活即将结束的时候，武汉人正high的飞起。28、武汉真的遍地的烤肉店，汉派烤肉、东北烤肉、日式烤肉、韩式烤肉等，应有尽有。29、跨了区的话，本地武汉人也很多不认识。30、要说武汉哪个地方的交通最拥堵，毫无疑问一定是光谷。31、餐馆喜欢使用纸碗，堂食用纸碗，打包也用纸碗。32、猫叫做猫子，鸡叫做鸡子，狗叫做狗子，虾叫做虾子，甚至烧烤冒出来的烟，叫做烟子。33、武汉的天气喜怒无常，经常刚刚还是大晴天一会儿就会下雨。34、武汉东湖的名气虽然没有西湖大，但是景色有过之而无不及。35、轮渡很值得坐，江景真的好看，在江边吹着风能坐一天。36、武昌站、汉口站、武汉站不是同一个站。37、湖北省博物馆里的编钟的表演值得打卡，还是免费的。38、光谷步行街欧洲风情浓厚。39、千万不要和武汉的嫂子们吵架，她们的战斗力比太婆们都高。40、武汉的天气只有冬夏，没有春秋。热，热到你服作；冷，冻到你直噻。,2025-08-04 11:01:47
黑中介,江汉骂硚口乡里，江汉和硚口一起骂江岸乡里。汉口和武昌互相骂对方乡里，汉口和武昌都骂汉阳乡里。汉口、武昌和汉阳都骂青山乡里。汉口、武昌、汉阳、青山一起骂三环外是乡里。武汉是一座处于量子乡里状态的城市。,2022-04-03 14:43:01
知乎用户8Gwjpp,上个星期在光谷坐759，坐到一半停车了，司机下去检查了一下，就坐在座位上打电话:你快点搞个师傅过来看一哈，我右边的一过轮子好像要掉了，开了几站了，我有点不敢开了。老子心里想这你tm还敢开几站，,2018-09-27 00:43:25
木-柠梓,知乎首答，请多多关照。     先说一下身份吧，我原产于东南沿海，来武汉上大学，目前已经大三。(＊／ω＼＊)      1.武汉很大，有武昌、汉阳、汉口三个大区域。火车站也有武汉、汉口、武昌三个站。      2.武汉的大学主要分布在武昌。      3.武汉的地铁主要分布在汉口，经过武昌区的地铁只有2号线和4号线。武汉的地铁能去的繁华地方挺多的，还是很方便的（我出门主要都是靠地铁）       4.武汉的公交车有些路确实挺疯狂的。我第一次坐武汉的公交车是从首义到街道口，简直是过山车的感觉。最可怕的是司机猛踩油门后马上猛踩刹车，绝对会让不晕车的人第一次坐后也会晕车。但有些路的司机还好，老哥挺稳的。      5.说到武汉的路，我在街道口、光谷这些地方，看到的都是坑坑洼洼，凹凸不平。还是希望能改善一下，毕竟游客还挺多。其他地方，没太注意，不好评价。关于游玩：      1.武汉的桥，特别多，也特别好看。有长江大桥、长江二桥、鹦鹉洲长江大桥等等。其中鹦鹉洲长江大桥是武昌和汉阳的分界线（桥上有界碑）。和喜欢的人傍晚在桥上散步，是一件特别浪漫的事情。 一座桥大概步行30分钟就过了。       2.光谷的人特别多，节假日特别特别挤。       3.楚河汉街是繁华的商业区，很多店铺里都有上下街道互通的通道。（我都是这样图方便的(#／。＼#)）       4.黄鹤楼其实并不好玩，第一次来倒是可以看看，不过来看一次后就明白了。      5.昙华林算是在武汉这座大气的城市中比较小清新的，有点类似鼓浪屿的风格。      6.户部巷是武汉著名的小吃街，不过去那里的大部分是游客。就像南京的秦淮河，长沙的太平街一样。      7.每年十月底十一月初，江滩公园芦苇荡的芦苇就会开了。景色特别美，美到我每年都会去拍拍照。强推。      8.武大的樱花开在每年的三月中旬，三月底大概都已经快谢了。来看樱花的话，推荐这个时候。但是因为属于全盛时期，游客也特别特别的多。武大樱花时期也是不需要门票的，用身份证预约即可。校门口总有一些黄牛买票，请不要相信。        9.武汉这座城市大部分的大商场都是早上九点十点才营业，晚上十点就会关门。相对于其他城市来说，营业时间比较短。关于吃：       1.热干面、豆皮是武汉的特色小吃。味道确实很有武汉的特色，一开始可能都会吃不太习惯。个人觉得热干面跟豆浆在一起，味道还不错。        2.武汉豪华的饭店大多在武汉天地，好吃同时环境还比较好的大多在江汉路和楚河汉街，好吃而且便宜的在各个高校周边了，尤其是许多小巷子。       3.武汉人吃烤红薯是拿勺子挖的。第一次看到挺惊奇的，不过可以不粘手，我也渐渐喜欢上了这种吃法。(。•  •。)关于武汉的其他:       1.武汉的天气，完美诠释了：“武汉，每天不一样”。( *⊙~⊙) 不，是，每时不一样，每地不一样。 ( ´•౪•`)   同一个学校，都能一个地方瓢泼大雨，另一个地方艳阳高照。      2.武汉的夏天真的特别热，名不虚传的火炉。出门一定要带伞，即使你性别男。      3.这是一座不同于江南小镇的城市，武汉蕴藏着粗犷与大气。武汉本地人民也一样，公认的一言不合就大嗓门，但这可能就是个性吧，有话直说，爽快利落。      4.武汉是有武汉话的，大部分都是普通话变个调，但是还会有许多特殊的叫法。说快了听起来还是有点费力的。关于武大：       1.如果想来武大旅游的话，建议定位到武汉大学牌坊或者文理学部。因为武汉大学的早期建筑几乎全部集中在文理学部。         如果你定位到武汉大学南门、西门、东门等其他地方，你可能会大失所望。毕竟经常有游客在武汉大学信息学部、枫园等地方问我武汉大学往哪走。┌(&#34;◎o◎;;)┘       2.武汉大学的八一地下通道是划分武昌区和洪山区的界限，这个界限让文理学部和信息学部的同学听上去仿佛异地。       3.武汉大学樱花节是不收钱的，而且几乎每年都要花费500万左右去维持秩序和维护樱花。      4.武汉大学不同于厦大等其他大学，它是全开放的。所以在学校内，你能看到许多的校外车辆。暂时这些啦!(*＞◡❛)想到了再补充～,2018-09-27 00:58:36
韵哥Pro,大学在武汉四年，但由于周末两天都要上双学位的课，所以一直都没有好好逛逛武汉，对我来说是个遗憾。19年中秋节回了趟武汉，两天时间骑车穿越了长江大桥，骑车绕行了东湖绿道的一部分，欣赏了湖北省博物馆的镇馆之宝，回财大校园里走了一圈，看到了熟悉的晓南湖、桥楼，在538路公交车牌拍了照，去了江汉路步行街、楚河汉街、光谷……最重要的是见到了阔别近十年的大学好友，非常开心。武汉对我来说始终是很特别的存在，希望武汉越来越好……,2023-01-29 02:38:25
愚叔浅谈,1.来武汉，没结婚的情侣，千万不要去归元寺！2.热干面最多的城市不是武汉，而是郑州！3.武汉的姑娘火辣带劲，说话直爽！4.武汉人喜欢边走边吃，走得飞快，吃得平稳。5.武汉人把吃早饭叫过早，一碗热干面，两个面窝，一个糯米鸡，一碗清酒，是武汉人过早的标配！6.武汉女孩基本上只嫁给本地人。7.武汉人吃烤红薯一定要用勺子！8.武汉人喝的绿豆汤是咸的。9.武汉人结婚，大多数不会跟公婆住在一起。10.武汉人把喜欢喝酒和蛮能喝酒统称为“麻木”！11.豆皮是武汉的特色小吃，严老幺家的豆皮是武汉人过早的首选，味道非常棒！12.渡江节是武汉人独有的节日。13.武汉本地人说话喜欢拖音，而且爱用反问句！14.武汉姑娘不会撒娇！15.武汉人指路一般不说东南西北，而是说这边、那边、左拐、右拐、直走再拐个弯。16.武汉人很爱吃，清蒸武昌鱼、排骨煨汤、菜薹炒腊肉都是武汉菜！17.武汉是最重视早餐的城市！18.在武汉，经常能够在早点摊看到本地人吃早饭会把高凳子当桌子，矮凳当椅子。19.武汉人对武汉话很不自信。20.顾家是武汉人的传统，武汉姑娘会把家里照顾得妥妥当当。21.武汉的地铁座椅有加热功能！22.在武汉，进厂打螺丝是主流，薪资水平也就三五千！23.武汉是一座包容性很强的城市，南来北往的人，在这里都不会感觉太陌生。24.武汉人嗓门大，一开口说话就像在吵架。25.武汉的黄鹤楼，是江南三大名楼之一，其建筑具有独特的民族风格，更适合晚上去，仰观光影秀，俯瞰夜江城。26.武汉人喜欢喝藕汤，只要是过节，都要喝！27.在武汉，不管是乘坐轮渡，还是江滩散步，都可以欣赏到长江大型灯光秀。28.武汉人从小到大吃得最多的鸭脖是精武鸭脖！29.武汉姑娘讲义气，一般你找她办事，只要她能帮的，绝对不会推脱。30.武汉人的性格反差很强烈，外表彪悍，内心柔弱，外表高傲，内心包容，外表喜欢“俗”，内心追求“雅”！31.武汉人很直爽，标准的刀子嘴豆腐心！32.武汉人把混沌叫做水饺，把饺子叫做北方水饺！33.武汉的热干面，芝麻酱有黄黑两种味道！34.想去武汉大学看樱花，一定要提前在官网预约！35.武汉长江隧道是我国第一条穿越长江的隧道。36.想吃夜宵，最好去武汉的吉庆街，这里都是老武汉的味道！37.武汉所有景点基本上都免费，但是需要提前预约！38.热干面是武汉的标志性美食，扎实的碱水面，再加上店家精心调配出的酱汁，非常美味！39.武汉是一座神奇的城市，汉口学院不在汉口，东湖学院不在东湖。40.大连铁板鱿鱼，每天排队的人络绎不绝，新鲜的鱿鱼，撒上胡椒和孜然粉，刷上特制的酱料，香辣鲜滑，十分满足。41.武汉苍蝇馆子里的一品茄龙，一个素菜可以吃出肉的味道，非常值得尝试！42.武汉的烟火气、市井江湖气很浓郁。43.在武汉，过早可以一个月都不重样，而且这里简直是碳水天花板，热干面、汽水包、酥饺、豆皮、烧麦、生烫牛肉粉、欢喜坨、空心粉、油饼、油饼包烧麦、糯米包油条等等！44.武汉站距离市中心很远，来武汉玩最好选择武昌站或者汉口站。45.武汉人从小到大都喜欢吃麻花。46.武汉的卤肉大饼，酱料咸鲜浓郁，肉汁浸满了大饼，鸡蛋炸得很脆，一个卷饼十几块管饱！47.在武汉，想吃地道美食，最好去粮道街和吉庆街，随便一家小店都很好吃！48.武汉光谷的消费水平堪比深圳。49.桂林米粉，摈弃了广西米粉的清淡，加上了酸豆角和脆黄豆，米粉劲道，又香又辣，完全迎合了武汉人的重口味！50.把烧麦放进油饼，是武汉过早的创新吃法，武汉粮道街的赵师傅油饼包烧麦，一口下去，软糯的烧麦，酥脆的油饼，非常美味。51.武汉的城市建设极具现代化！52.位于武汉洪山区的光谷步行街，由多个风情街组成，随便一拍都是大片。53.武汉的天气说变就变，一个月可以感受到四个季节！54.昙华林是武汉文艺小清新最喜欢打卡的地方。55.武汉人管妈妈叫“老娘”，管爸爸叫“老头”，管外公叫“嗲嗲”，管外婆叫“家家”！56.在武汉，外卖经常江上跑，因为外卖小哥也会坐轮渡！57.武汉东湖之眼摩天轮，不仅是粉色的，而且一圈下来刚好13分14秒，非常浪漫！58.武汉的轮渡非常实惠，一趟仅需一块五。59.武汉的黄鹤楼和岳阳楼、滕王阁，并称“江南三大名楼”！60.武汉东湖沙滩景区是最适合情侣约会，闺蜜打卡，亲子游玩的宝藏圣地，在这里也可以邂逅小马尔代夫的粉色落日！,2023-08-04 18:47:02
知乎用户i1bRMT,1.在2014-2015年，不会背24个字的大学生不配在武汉上大学。2.武汉女生占比最多的高校是湖北大学，男女人数比可达7:3（女生7）。3.每年跨年江汉路放烟花的时候，就是百万雄师过大江的重现的时候。4.华中农业大学里面还有农家乐！春天可以去那赏花、钓鱼、吃农家饭。5.武汉共有百万在校大学生，84所大学，各大高校亲（xiang）如（ai）一（xiang）家（sha）。6.武汉全市水面积2117.6平方公里，约占全市土地面积25.8%，是水域面积最大的省会城市。7.东湖面积是西湖面积的6倍，毛泽东建国后先后视察东湖44次，在东湖接待了64个国家的94批外国政要；朱德在50多年前写下“东湖暂让西湖好，今后将比西湖强”，但武汉最大的湖是汤逊湖，它也是亚洲面积最大的内陆湖。8.没有比武汉的大街小巷上，成人性用品旁边就是兽医花圈店更赛格朋克的事了，如果有，那可能是它的民间市花，“石楠花”。9.在武汉，骂人和夸人可能都是这句话：大姐可能会抽着烟，叉着腰对自己儿子“国标滋养的！ ”，也可能会拿着考卷，咧嘴笑着夸她亲闺女“国标滋养的这次考得好好啊！”10.武汉公交司机基本技能“甩盘子”，常用语录：“又莫得下车滴？”（请举起双手回答，Yo! Yo! Yo! ）“前头辣个不怕死，老子怕莫斯？11.传说，3辆521路同时在洪山广场绕圈，便可以打开时空之门，有穿越需要的同学，请自行前往。12.武汉曾经的黑洞——光谷转盘，所有进去的车辆都出不来，当然，现在已经不是啦~13.下大雨时的城市内涝，让武汉市民有独特的交通工具。14.十大神兽，常被市民挂在嘴边，用以佑身，分别是：“个斑马”“蛮耷牛”“旗子蝈”“尼妖墨羊”“泥丸鸟”“棉条蝶”“多斑蛭”“玛格碧蛾”“小楠鸷”“墨壮鲸”15.全国人民都知道武汉夏天有多热，但全国人民不知道，武汉夏天有多热，冬天就能有多冷（微笑脸）。16.在武汉，你永远不知道春天秋天穿啥，因为在上一个春秋，你还没决定好买什么衣服，它们就已经过去了。17.去武汉玩，如果当地朋友首先跟你推荐的是黄鹤楼和户部巷，之后就少联系吧。18.在武汉，每天第一句问好可能是， “过早莫咯?”“俩奇鸟冒，奇滴莫斯”“俩克哪里奇啊”19.武汉人对吃的喜爱融进了他/她对你的夸奖里，“讲胃口”是武汉人对你的最高评价之一。20.边走路边吃面，只是基础技能，要成为一个合格的武汉人，左手端面、右手拿筷、小拇指勾面窝、咯吱窝夹书，边走边吃再加上单手剥鸡蛋才是入门技——21.的士司机可以边开车边吃热干面还边和你聊天.22.最好吃的热干面不是连锁的蔡林记，是自家楼下从幼儿园吃到大的小馆子。23.除了热干面，武汉人的过早，还有三鲜豆皮、鲜鱼糊汤粉、湖米酒、面窝、重油烧麦、糯米包油条……24.武汉男士夏季专用语，“打糍粑”。25.武汉人说你像个苕，也不是在夸你像红薯宝宝一样可爱，再次欢迎在评论区提问。26.“夹生”，在武汉话中，不仅是饭没熟，还指人不懂变通，不会做事，很难相处，蠢蠢傻傻，可以和“苕”连用——“夹生苕”。27.“老俩”—— 母亲，“老亲娘”—— 丈母娘28.武汉人的骄傲——跟头可以摔，手里的热干面洒出来？不行29.武汉有山有水还有草原！ 木兰草原有上千亩的格桑花，春天盛开的时候，真的很美很美。30.武汉有一个可以与凤凰媲美的土苗文化风景区——锦里沟，锦里沟除了有苗寨，还有满山的樱花、桃花、杜鹃花，也有亚洲第二的山道滑车，想要体验刺激的同学不能错过~ （啊不，放错了图，锦里沟是下面这张才对）31.靓靓蒸虾是很多人留在武汉的理由，吃完你会有种天下无虾的感觉。32.武汉人是不会拉着女朋友顶着大太阳走完长江大桥的，而是会跟着夕阳余晖，在江汉路坐轮渡过江。33.秋冬可以来汉口江滩看芦苇，很多武汉人也会在那里拍婚纱照，平时日落时分来江滩散步也很惬意。34.不用门票的湖北省博物馆也很推荐，不能错过曾侯乙编钟表演呀。35.后官湖湿地公园还是值得一去的，面积很大很漂亮，还可能会碰到猴子。欢迎关注知乎机构号：美团民宿,2019-10-29 14:11:19
